Display Name,Xg,Yg,Zg,AbsMag
Your Position, -2, 4.5, 3, 10
Mars, -3,-3,0,9.69237068
Jupiter, -0.5,2.9,-0.4,16.464398907
Saturn, 1.5,-0.6,-2.4,12.192055687
Pluto, 4.5,1.5,-3,13.7536535
Uranus, 3.2,-2,0.7,14.95192438
Mercury, -4,2,0,11.28552681
