Display Name,Xg,Yg,Zg,AbsMag
Mars, 1,-0.9,0,5.69237068
Jupiter, -1.8,-1.9,-0.4,1.464398907
Saturn, -2.1,-0.6,-2.4,6.192055687
Pluto, 1.3,0.1,-3,9.7536535
Uranus, -3.2,-2,0.7,11.95192438
Mercury, -1,3.9,0,13.28552681
